{
  "machineID": {
    "psi": 0.01750453682081385,
    "ks_stat": 0.040130366492146595,
    "ks_pval": 0.9111447602269158
  },
  "volt": {
    "psi": 0.8981341787820664,
    "ks_stat": 0.09541151832460733,
    "ks_pval": 0.06161567716938105
  },
  "rotate": {
    "psi": 0.09415963908497432,
    "ks_stat": 0.08876910994764398,
    "ks_pval": 0.09801440994828589
  },
  "pressure": {
    "psi": 0.389595047113112,
    "ks_stat": 0.08319267015706806,
    "ks_pval": 0.14101730080086522
  },
  "vibration": {
    "psi": 0.8034197057469845,
    "ks_stat": 0.05418952879581152,
    "ks_pval": 0.6206423936527105
  }
}